メンバー名,品名,ポーズ,希望,提供,所持
浅井 恋乃未 ,First Show caseロゴTシャツ,ヒキ,,,
浅井 恋乃未 ,First Show caseロゴTシャツ,チュウ,,,
浅井 恋乃未 ,First Show caseロゴTシャツ,ヨリ,,,
浅井 恋乃未 ,First Show caseロゴTシャツ,座り,,,
浅井 恋乃未 ,四期生お披露目制服,ヒキ,,,
浅井 恋乃未 ,四期生お披露目制服,チュウ,,,
浅井 恋乃未 ,四期生お披露目制服,ヨリ,,,
浅井 恋乃未 ,四期生お披露目制服,座り,,,
浅井 恋乃未 ,ポロシャツコーデ,ヒキ,,,
浅井 恋乃未 ,ポロシャツコーデ,チュウ,,,
浅井 恋乃未 ,ポロシャツコーデ,ヨリ,,,
浅井 恋乃未 ,ポロシャツコーデ,座り,,,
浅井 恋乃未 ,2025年浴衣,ヒキ,,,
浅井 恋乃未 ,2025年浴衣,チュウ,,,
浅井 恋乃未 ,2025年浴衣,ヨリ,,,
浅井 恋乃未 ,2025年浴衣,座り,,,
浅井 恋乃未 ,12th制服,ヒキ,,,
浅井 恋乃未 ,12th制服,チュウ,,,
浅井 恋乃未 ,12th制服,ヨリ,,,
浅井 恋乃未 ,12th制服,座り,,,
浅井 恋乃未 ,クラシックコーデ,ヒキ,,,
浅井 恋乃未 ,クラシックコーデ,チュウ,,,
浅井 恋乃未 ,クラシックコーデ,ヨリ,,,
浅井 恋乃未 ,クラシックコーデ,座り,,,
浅井 恋乃未 ,死んだふりMV衣装,ヒキ,,,
浅井 恋乃未 ,死んだふりMV衣装,チュウ,,,
浅井 恋乃未 ,死んだふりMV衣装,ヨリ,,,
浅井 恋乃未 ,死んだふりMV衣装,座り,,,
浅井 恋乃未 ,Make or Brake ジャケット写真衣装,ヒキ,,,
浅井 恋乃未 ,Make or Brake ジャケット写真衣装,チュウ,,,
浅井 恋乃未 ,Make or Brake ジャケット写真衣装,ヨリ,,,
浅井 恋乃未 ,Make or Brake ジャケット写真衣装,座り,,,
稲熊 ひな ,First Show caseロゴTシャツ,ヒキ,,,
稲熊 ひな ,First Show caseロゴTシャツ,チュウ,,,
稲熊 ひな ,First Show caseロゴTシャツ,ヨリ,,,
稲熊 ひな ,First Show caseロゴTシャツ,座り,,,
稲熊 ひな ,四期生お披露目制服,ヒキ,,,
稲熊 ひな ,四期生お披露目制服,チュウ,,,
稲熊 ひな ,四期生お披露目制服,ヨリ,,,
稲熊 ひな ,四期生お披露目制服,座り,,,
稲熊 ひな ,ポロシャツコーデ,ヒキ,,,
稲熊 ひな ,ポロシャツコーデ,チュウ,,,
稲熊 ひな ,ポロシャツコーデ,ヨリ,,,
稲熊 ひな ,ポロシャツコーデ,座り,,,
稲熊 ひな ,2025年浴衣,ヒキ,,,
稲熊 ひな ,2025年浴衣,チュウ,,,
稲熊 ひな ,2025年浴衣,ヨリ,,,
稲熊 ひな ,2025年浴衣,座り,,,
稲熊 ひな ,12th制服,ヒキ,,,
稲熊 ひな ,12th制服,チュウ,,,
稲熊 ひな ,12th制服,ヨリ,,,
稲熊 ひな ,12th制服,座り,,,
稲熊 ひな ,クラシックコーデ,ヒキ,,,
稲熊 ひな ,クラシックコーデ,チュウ,,,
稲熊 ひな ,クラシックコーデ,ヨリ,,,
稲熊 ひな ,クラシックコーデ,座り,,,
稲熊 ひな ,死んだふりMV衣装,ヒキ,,,
稲熊 ひな ,死んだふりMV衣装,チュウ,,,
稲熊 ひな ,死んだふりMV衣装,ヨリ,,,
稲熊 ひな ,死んだふりMV衣装,座り,,,
稲熊 ひな ,Make or Brake ジャケット写真衣装,ヒキ,,,
稲熊 ひな ,Make or Brake ジャケット写真衣装,チュウ,,,
稲熊 ひな ,Make or Brake ジャケット写真衣装,ヨリ,,,
稲熊 ひな ,Make or Brake ジャケット写真衣装,座り,,,
勝又 春 ,First Show caseロゴTシャツ,,,,
勝又 春 ,First Show caseロゴTシャツ,,,,
勝又 春 ,First Show caseロゴTシャツ,,,,
勝又 春 ,First Show caseロゴTシャツ,,,,
勝又 春 ,四期生お披露目制服,,,,
勝又 春 ,四期生お披露目制服,,,,
勝又 春 ,四期生お披露目制服,,,,
勝又 春 ,四期生お披露目制服,,,,
勝又 春 ,ポロシャツコーデ,,,,
勝又 春 ,ポロシャツコーデ,,,,
勝又 春 ,ポロシャツコーデ,,,,
勝又 春 ,ポロシャツコーデ,,,,
勝又 春 ,2025年浴衣,,,,
勝又 春 ,2025年浴衣,,,,
勝又 春 ,2025年浴衣,,,,
勝又 春 ,2025年浴衣,,,,
勝又 春 ,12th制服,,,,
勝又 春 ,12th制服,,,,
勝又 春 ,12th制服,,,,
勝又 春 ,12th制服,,,,
勝又 春 ,クラシックコーデ,,,,
勝又 春 ,クラシックコーデ,,,,
勝又 春 ,クラシックコーデ,,,,
勝又 春 ,クラシックコーデ,,,,
勝又 春 ,死んだふりMV衣装,,,,
勝又 春 ,死んだふりMV衣装,,,,
勝又 春 ,死んだふりMV衣装,,,,
勝又 春 ,死んだふりMV衣装,,,,
勝又 春 ,Make or Brake ジャケット写真衣装,,,,
勝又 春 ,Make or Brake ジャケット写真衣装,,,,
勝又 春 ,Make or Brake ジャケット写真衣装,,,,
勝又 春 ,Make or Brake ジャケット写真衣装,,,,
佐藤 愛桜,First Show caseロゴTシャツ,,,,
佐藤 愛桜,First Show caseロゴTシャツ,,,,
佐藤 愛桜,First Show caseロゴTシャツ,,,,
佐藤 愛桜,First Show caseロゴTシャツ,,,,
佐藤 愛桜,四期生お披露目制服,,,,
佐藤 愛桜,四期生お披露目制服,,,,
佐藤 愛桜,四期生お披露目制服,,,,
佐藤 愛桜,四期生お披露目制服,,,,
佐藤 愛桜,ポロシャツコーデ,,,,
佐藤 愛桜,ポロシャツコーデ,,,,
佐藤 愛桜,ポロシャツコーデ,,,,
佐藤 愛桜,ポロシャツコーデ,,,,
佐藤 愛桜,2025年浴衣,,,,
佐藤 愛桜,2025年浴衣,,,,
佐藤 愛桜,2025年浴衣,,,,
佐藤 愛桜,2025年浴衣,,,,
佐藤 愛桜,12th制服,,,,
佐藤 愛桜,12th制服,,,,
佐藤 愛桜,12th制服,,,,
佐藤 愛桜,12th制服,,,,
佐藤 愛桜,クラシックコーデ,,,,
佐藤 愛桜,クラシックコーデ,,,,
佐藤 愛桜,クラシックコーデ,,,,
佐藤 愛桜,クラシックコーデ,,,,
佐藤 愛桜,死んだふりMV衣装,,,,
佐藤 愛桜,死んだふりMV衣装,,,,
佐藤 愛桜,死んだふりMV衣装,,,,
佐藤 愛桜,死んだふりMV衣装,,,,
佐藤 愛桜,Make or Brake ジャケット写真衣装,,,,
佐藤 愛桜,Make or Brake ジャケット写真衣装,,,,
佐藤 愛桜,Make or Brake ジャケット写真衣装,,,,
佐藤 愛桜,Make or Brake ジャケット写真衣装,,,,
 中川 智尋,First Show caseロゴTシャツ,,,,
 中川 智尋,First Show caseロゴTシャツ,,,,
 中川 智尋,First Show caseロゴTシャツ,,,,
 中川 智尋,First Show caseロゴTシャツ,,,,
 中川 智尋,四期生お披露目制服,,,,
 中川 智尋,四期生お披露目制服,,,,
 中川 智尋,四期生お披露目制服,,,,
 中川 智尋,四期生お披露目制服,,,,
 中川 智尋,ポロシャツコーデ,,,,
 中川 智尋,ポロシャツコーデ,,,,
 中川 智尋,ポロシャツコーデ,,,,
 中川 智尋,ポロシャツコーデ,,,,
 中川 智尋,2025年浴衣,,,,
 中川 智尋,2025年浴衣,,,,
 中川 智尋,2025年浴衣,,,,
 中川 智尋,2025年浴衣,,,,
 中川 智尋,12th制服,,,,
 中川 智尋,12th制服,,,,
 中川 智尋,12th制服,,,,
 中川 智尋,12th制服,,,,
 中川 智尋,クラシックコーデ,,,,
 中川 智尋,クラシックコーデ,,,,
 中川 智尋,クラシックコーデ,,,,
 中川 智尋,クラシックコーデ,,,,
 中川 智尋,死んだふりMV衣装,,,,
 中川 智尋,死んだふりMV衣装,,,,
 中川 智尋,死んだふりMV衣装,,,,
 中川 智尋,死んだふりMV衣装,,,,
 中川 智尋,Make or Brake ジャケット写真衣装,,,,
 中川 智尋,Make or Brake ジャケット写真衣装,,,,
 中川 智尋,Make or Brake ジャケット写真衣装,,,,
 中川 智尋,Make or Brake ジャケット写真衣装,,,,
 中川 智尋,,,,,
 松本 和子 ,First Show caseロゴTシャツ,,,,
 松本 和子 ,First Show caseロゴTシャツ,,,,
 松本 和子 ,First Show caseロゴTシャツ,,,,
 松本 和子 ,First Show caseロゴTシャツ,,,,
 松本 和子 ,四期生お披露目制服,,,,
 松本 和子 ,四期生お披露目制服,,,,
 松本 和子 ,四期生お披露目制服,,,,
 松本 和子 ,四期生お披露目制服,,,,
 松本 和子 ,ポロシャツコーデ,,,,
 松本 和子 ,ポロシャツコーデ,,,,
 松本 和子 ,ポロシャツコーデ,,,,
 松本 和子 ,ポロシャツコーデ,,,,
 松本 和子 ,2025年浴衣,,,,
 松本 和子 ,2025年浴衣,,,,
 松本 和子 ,2025年浴衣,,,,
 松本 和子 ,2025年浴衣,,,,
 松本 和子 ,12th制服,,,,
 松本 和子 ,12th制服,,,,
 松本 和子 ,12th制服,,,,
 松本 和子 ,12th制服,,,,
 松本 和子 ,クラシックコーデ,,,,
 松本 和子 ,クラシックコーデ,,,,
 松本 和子 ,クラシックコーデ,,,,
 松本 和子 ,クラシックコーデ,,,,
 松本 和子 ,死んだふりMV衣装,,,,
 松本 和子 ,死んだふりMV衣装,,,,
 松本 和子 ,死んだふりMV衣装,,,,
 松本 和子 ,死んだふりMV衣装,,,,
 松本 和子 ,Make or Brake ジャケット写真衣装,,,,
 松本 和子 ,Make or Brake ジャケット写真衣装,,,,
 松本 和子 ,Make or Brake ジャケット写真衣装,,,,
 松本 和子 ,Make or Brake ジャケット写真衣装,,,,
目黒 陽色 ,First Show caseロゴTシャツ,,,,
目黒 陽色 ,First Show caseロゴTシャツ,,,,
目黒 陽色 ,First Show caseロゴTシャツ,,,,
目黒 陽色 ,First Show caseロゴTシャツ,,,,
目黒 陽色 ,四期生お披露目制服,,,,
目黒 陽色 ,四期生お披露目制服,,,,
目黒 陽色 ,四期生お披露目制服,,,,
目黒 陽色 ,四期生お披露目制服,,,,
目黒 陽色 ,ポロシャツコーデ,,,,
目黒 陽色 ,ポロシャツコーデ,,,,
目黒 陽色 ,ポロシャツコーデ,,,,
目黒 陽色 ,ポロシャツコーデ,,,,
目黒 陽色 ,2025年浴衣,,,,
目黒 陽色 ,2025年浴衣,,,,
目黒 陽色 ,2025年浴衣,,,,
目黒 陽色 ,2025年浴衣,,,,
目黒 陽色 ,12th制服,,,,
目黒 陽色 ,12th制服,,,,
目黒 陽色 ,12th制服,,,,
目黒 陽色 ,12th制服,,,,
目黒 陽色 ,クラシックコーデ,,,,
目黒 陽色 ,クラシックコーデ,,,,
目黒 陽色 ,クラシックコーデ,,,,
目黒 陽色 ,クラシックコーデ,,,,
目黒 陽色 ,死んだふりMV衣装,,,,
目黒 陽色 ,死んだふりMV衣装,,,,
目黒 陽色 ,死んだふりMV衣装,,,,
目黒 陽色 ,死んだふりMV衣装,,,,
目黒 陽色 ,Make or Brake ジャケット写真衣装,,,,
目黒 陽色 ,Make or Brake ジャケット写真衣装,,,,
目黒 陽色 ,Make or Brake ジャケット写真衣装,,,,
目黒 陽色 ,Make or Brake ジャケット写真衣装,,,,
山川 宇衣 ,First Show caseロゴTシャツ,,,,
山川 宇衣 ,First Show caseロゴTシャツ,,,,
山川 宇衣 ,First Show caseロゴTシャツ,,,,
山川 宇衣 ,First Show caseロゴTシャツ,,,,
山川 宇衣 ,四期生お披露目制服,,,,
山川 宇衣 ,四期生お披露目制服,,,,
山川 宇衣 ,四期生お披露目制服,,,,
山川 宇衣 ,四期生お披露目制服,,,,
山川 宇衣 ,ポロシャツコーデ,,,,
山川 宇衣 ,ポロシャツコーデ,,,,
山川 宇衣 ,ポロシャツコーデ,,,,
山川 宇衣 ,ポロシャツコーデ,,,,
山川 宇衣 ,2025年浴衣,,,,
山川 宇衣 ,2025年浴衣,,,,
山川 宇衣 ,2025年浴衣,,,,
山川 宇衣 ,2025年浴衣,,,,
山川 宇衣 ,12th制服,,,,
山川 宇衣 ,12th制服,,,,
山川 宇衣 ,12th制服,,,,
山川 宇衣 ,12th制服,,,,
山川 宇衣 ,クラシックコーデ,,,,
山川 宇衣 ,クラシックコーデ,,,,
山川 宇衣 ,クラシックコーデ,,,,
山川 宇衣 ,クラシックコーデ,,,,
山川 宇衣 ,死んだふりMV衣装,,,,
山川 宇衣 ,死んだふりMV衣装,,,,
山川 宇衣 ,死んだふりMV衣装,,,,
山川 宇衣 ,死んだふりMV衣装,,,,
山川 宇衣 ,Make or Brake ジャケット写真衣装,,,,
山川 宇衣 ,Make or Brake ジャケット写真衣装,,,,
山川 宇衣 ,Make or Brake ジャケット写真衣装,,,,
山川 宇衣 ,Make or Brake ジャケット写真衣装,,,,
山田 桃実,First Show caseロゴTシャツ,,,,
山田 桃実,First Show caseロゴTシャツ,,,,
山田 桃実,First Show caseロゴTシャツ,,,,
山田 桃実,First Show caseロゴTシャツ,,,,
山田 桃実,四期生お披露目制服,,,,
山田 桃実,四期生お披露目制服,,,,
山田 桃実,四期生お披露目制服,,,,
山田 桃実,四期生お披露目制服,,,,
山田 桃実,ポロシャツコーデ,,,,
山田 桃実,ポロシャツコーデ,,,,
山田 桃実,ポロシャツコーデ,,,,
山田 桃実,ポロシャツコーデ,,,,
山田 桃実,2025年浴衣,,,,
山田 桃実,2025年浴衣,,,,
山田 桃実,2025年浴衣,,,,
山田 桃実,2025年浴衣,,,,
山田 桃実,12th制服,,,,
山田 桃実,12th制服,,,,
山田 桃実,12th制服,,,,
山田 桃実,12th制服,,,,
山田 桃実,クラシックコーデ,,,,
山田 桃実,クラシックコーデ,,,,
山田 桃実,クラシックコーデ,,,,
山田 桃実,クラシックコーデ,,,,
山田 桃実,死んだふりMV衣装,,,,
山田 桃実,死んだふりMV衣装,,,,
山田 桃実,死んだふりMV衣装,,,,
山田 桃実,死んだふりMV衣装,,,,
山田 桃実,Make or Brake ジャケット写真衣装,,,,
山田 桃実,Make or Brake ジャケット写真衣装,,,,
山田 桃実,Make or Brake ジャケット写真衣装,,,,
山田 桃実,Make or Brake ジャケット写真衣装,,,,